idx,query,reference_reply,intent,should_escalate,escalate_reason
642,thanks to your customer service adviser Roshain really helpful and great manor on the phone,Fantastic! I'm so happy to hear you had a good experience with Roshain. Please let us know if you ever need more help! ^FD,general_acknowledgement,False,brand resolved inline (direct answer or probe)
2488,"Hi, I have ordered fans . Unfortunately the product is not upto the mark. Placed refund and return request. Please help urgently",We'd like to help you with this. Please connect our support team here: https://t.co/vlvfJr4nN9.. ^BS,return_refund,False,brand resolved inline (direct answer or probe)
5832,We want not a job we want work at shop for a lady,Please visit the link provided earlier for career opportunity with us. ^YP,product_inquiry,True,brand redirected to private channel / form / phone
2078,Order tracking id is : 216235198560,We're sorry for the trouble. Please contact us here: https://t.co/vlvfJr4nN9 so we could get this sorted.(1/2)^RS,order_status,True,brand redirected to private channel / form / phone
4260,"""We're unable to create a refund. Please contact customer service for further assistance:""","We don't have access into your account through twitter, please reach us by phone or chat here: https://t.co/hApLpMlfHN ^NC",return_refund,True,brand redirected to private channel / form / phone
4489,There was a time when @115821 delivered packages when they said they would. Those times have passed.,This isn't what we like to hear! Are you currently waiting on the delivery of a late order? ^BH,complaint_feedback,True,frustrated complaint benefits from human de-escalation
2894,tracking nos 184120347853 claims to be delivered but I have not signed nor received.,Sorry to know you've not received the package. We certainly did not expect this to happen. 1/3 ^PS,order_status,False,brand resolved inline (direct answer or probe)
3600,"Ohhhh right! Haha thanks, did the trick!",You're welcome! Glad we could help! Reach out again if you have questions in the future. ^JF,general_acknowledgement,True,brand redirected to private channel / form / phone
313,@12379 hello team is this #CutTheCord Challenge still On ?,This contest is closed. ^SH,product_inquiry,False,brand resolved inline (direct answer or probe)
3257,as the item in question is a phone that's a little tricky...,Have you been able to get in touch via the link ^JJ supplied? ^NV,technical_issue,True,brand redirected to private channel / form / phone
3529,"(2) Dear @115850 I also understand that I am not one to you, but you are one to me... hope you understand!!! 😏😏","I understand your concern, Umesh. As per the info shared, I see that the estimated date for the (1/2) ^HD",order_status,False,brand resolved inline (direct answer or probe)
2013,hello amazon my two order is pending and i don't have a received 7042175633,Apologies for the delay. Kindly reach out to our support team here:https://t.co/vlvfJr4nN9 we'll look into it right away.1/2^EM,order_status,True,brand redirected to private channel / form / phone
1122,Slow clap 👏👏👏👏,Kindly get in touch with us here: https://t.co/cLMKwvBRjA and we’ll be glad to help you. ^AG,complaint_feedback,True,brand redirected to private channel / form / phone
4254,do you really provide free spins during Saturdays???🤔🤔🤔🤔,Sorry but I couldn't follow. Could you please rephrase and elaborate? ^HA,product_inquiry,False,brand resolved inline (direct answer or probe)
1622,just bought a levis 511 slimfit jeans from amazon.need to cut length.pls suggest where.,Apparels come in one standard length as per sizes. We advise you to alter it from a convenient source. ^CB,product_inquiry,False,brand resolved inline (direct answer or probe)
3049,"That what you said yesterday when we spoke over the phone, and you re arranged delivery for today.  Today got message again delayed!",Sorry again for the delay.^CD,order_status,False,brand resolved inline (direct answer or probe)
6310,"Someone bought me a gift on Amazon and is having it shipped to my address, and provided me the order number. Can I track it?",Thanks for reaching out to us here. Please contact us via phone or chat so we can look into this: https://t.co/dNXwBZPiM6 ^GG,order_status,True,brand redirected to private channel / form / phone
2210,thank you,You're welcome Nadia. ^NV,general_acknowledgement,False,brand resolved inline (direct answer or probe)
6004,Pickup slot came and went. Nobody turned up :/ Off to work now.,I''m sorry for the delay with the return pick up. Write to us here: https://t.co/GIJyeYqKE0 &amp; we'll get this sorted. ^MJ,return_refund,True,brand redirected to private channel / form / phone
4783,Of course,What have you been advised in the past? ^MC,general_acknowledgement,False,brand resolved inline (direct answer or probe)
1262,"Hi, my order hasn't dispatched yet. I made the order on Monday &amp; it was supposed to dispatch yday and arrive tomorrow. Help?","If it dispatches today, it can still be delivered tomorrow. What delivery speed did you chose at checkout? ^PK",order_status,False,brand resolved inline (direct answer or probe)
4905,Spoke to Alvin on chat and he’s somehow managed to get it redelivered tonight. Props to him! Thanks!,Glad Alvin was able to help! Let us know if you need anything! ^VB,general_acknowledgement,False,brand resolved inline (direct answer or probe)
874,it is 7:22 and my package says today by 8 pm I'm gonna fight,Thanks for reaching out! Please let us know if the order has not arrived by the given time. ^GG,order_status,False,brand resolved inline (direct answer or probe)
479,"#Order canceled by Amazon India, complaint filed against #Amazon",Let me help you out here with a possible solution. Could you please drop your details here: (1/2) ^VM,complaint_feedback,True,brand redirected to private channel / form / phone
5590,"Now Amazon transportation service started making fool 2 customer. B4 delivered the product, updating wrong status.",Sorry to know the package was wrongly scanned as delivered. Kindly report this to our team here: https://t.co/R3EfhzgU8B. ^PS,complaint_feedback,True,brand redirected to private channel / form / phone
2920,#amzl_us is a joke. I am frustrated with all the delivery delays. I am not paying for prime to get delayed deliveries.,I'm sorry for the delays! We'd like to escalate this further. Please send us the order details: https://t.co/2aqitn4JrU ^BH,complaint_feedback,True,brand redirected to private channel / form / phone
3004,"u dont need any tool ,use your eyes and brain nd check the order id frm the screenshot . https://t.co/fZOIm03SZU",on your concern until we receive your details via secured link. Appreciate your understanding. 3/3 ^MJ,complaint_feedback,True,frustrated complaint benefits from human de-escalation
4086,Already wrote them but not heard back yet,We would like to help you. Please share your details with us here: https://t.co/GIJyeYqKE0. We'll get in touch shortly. ^CB,complaint_feedback,True,brand redirected to private channel / form / phone
4723,"hi guys, for some reason this https://t.co/YuohGuFJWi crashes the app on ipad (latest gen) i tried uninstalling, installing","Hello, sorry for that, you can join our customer service via : https://t.co/1thqWtqfOc",technical_issue,True,brand redirected to private channel / form / phone
1666,"GST is the part of MRP, and a retailer or seller cannot sale a product beyond MRP, please go through GST rules","I get your concern. However, mrp is inclusive of all taxes. Appreciate your understanding. ^PS",billing_payment,False,brand resolved inline (direct answer or probe)
3356,@AmazonHelp what would I do if there is nothing in parcel when delivery arrived how can I return this type of parcel,"Sorry about that, please report that here: https://t.co/HQhpS2qeEd and we'll check that for you. ^MS",return_refund,True,brand redirected to private channel / form / phone
1286,"Yeah, sounds like a really good job to make very decent money",You can search for jobs here: https://t.co/4IQGCd0yX4! ^JJ,general_acknowledgement,False,brand resolved inline (direct answer or probe)
3372,Joe Girard’s Law of 250 states...,"That's not what we want to hear, Jon! Will you tell us more about what's happened? No personal details please. ^CS",general_acknowledgement,False,brand resolved inline (direct answer or probe)
6168,@115850 I went to Moto service center she's asking 5800/- rupees for glassreplacement but u says it's warranty period please tell me truth,Sorry for the unpleasant experience. Please drop in your details here: https://t.co/GIJyeYqKE0. We will sort this for you. ^SB,damage_defective,True,brand redirected to private channel / form / phone
1866,"No, it says: “expected October 4” and that item left seller facility and is in transit, no more updates.","I'm sorry, delayed orders typically arrive within 1-2 business days. Please keep us posted, we want to make sure you get it. ^CL",order_status,False,brand resolved inline (direct answer or probe)
4511,just gt a call frm delivery person regarding where my address is. Yes at 7:58 in the mrning. What a great way to wakeup! #scarcasm,Apologies for the inconvenience with the delivery. I'll forward this as a feedback internally to the concerned teams. ^ST,complaint_feedback,True,frustrated complaint benefits from human de-escalation
1935,The issue is with my Keurig Rivo.,You can reach out to SquareTrade directly here: https://t.co/6jfUHVxUF6 ^CL,technical_issue,True,brand redirected to private channel / form / phone
1546,This isn't good enough I paid for next day delivery your sire says releasing 6th yet now says 1to4 weeks where did it say this on the site,Please contact us here: https://t.co/JzP7hlA23B to look into this further. ^JJ,complaint_feedback,True,brand redirected to private channel / form / phone
4435,"It’s the app that comes already installed. Can you reinstall it? Sorry, I don’t know anything about Kindles!","Let's try some real-time troubleshooting. When you have a moment, please reach out to us here: https://t.co/CYqkdUakWJ ^GM",technical_issue,True,brand redirected to private channel / form / phone
5180,"Haven't yet, and the item is ""ineligible for return""","The seller can resolve issues like this the best. You can do so here: https://t.co/Y5jpI9gRhE by clicking ""Contact Seller"" ^TK",return_refund,False,brand resolved inline (direct answer or probe)
1876,I keep getting the “Problem Occurred” stream is unavoidable prompt when trying to watch TNF Pats v Bucs,I'm sorry you're having streaming issues. Have you tried restarting your device as well as your router/modem? ^AM,technical_issue,False,brand resolved inline (direct answer or probe)
1953,"@143798 @115821 streaming issues with the #ThursdayNightFootball game all night audio issues, quality issues etc. Work in it",I'm sorry for the trouble! Please restart your Amazon Video device and router/modem by unplugging them for 30 seconds. ^JM,technical_issue,False,brand resolved inline (direct answer or probe)
2330,My friends say 'get a life'. Any get a life deal in Great Indian Festival.,Your friends guided you the right away * Chuckles*. You can check all ongoing offers here :  https://t.co/HQwZcVGkqx .^CB,product_inquiry,False,brand resolved inline (direct answer or probe)
3967,Please tell me straight when will i get my money back or please give a proper complaint letter.this one is of no use.,Thanks for keeping us posted. ^HT,return_refund,False,brand resolved inline (direct answer or probe)
1425,Thank you :D,You're welcome! Glad we could help. ^CO,general_acknowledgement,False,brand resolved inline (direct answer or probe)
2530,"Thanks amazon, we don’t even have a doorstep, super safe place 👌🏻 dunno who “malier” is either, parcel is very wet and soggy now... @115821 https://t.co/7m8yCrZhCL","Oh-no! I'm so sorry to see this happened, this is not our intention. Please reach out to us here: https://t.co/JzP7hlA23B ^SA",damage_defective,True,brand redirected to private channel / form / phone
3629,Dear @115850 pls deliver my TV before Diwali...its gift for mom,We've responded to your query here: https://t.co/xUbNEnk1gP. ^HA,order_status,False,brand resolved inline (direct answer or probe)
2347,but you make customer to fool in every sale,I'm sorry for the inconvenience. I have taken it as a feedback and sent it to the concerned team internally. ^GU,complaint_feedback,True,frustrated complaint benefits from human de-escalation
4257,@115821 @115850,That's quite a remark! Could you let us know what went wrong? We'd like to look into it. ^HD,general_acknowledgement,False,brand resolved inline (direct answer or probe)
2074,@AmazonHelp,Sorry to hear the issue is not resolved. Please drop in your details here: https://t.co/GIJyeYqKE0 &amp; we'll have a closer look. ^BS,general_acknowledgement,True,brand redirected to private channel / form / phone
146,"Team, is that your cust service just an apology and no action for the delay. Good job guys.",We're sorry for the trouble. Please fill this form: https://t.co/beaaDm0muc so we can get this resolved on priority.^RS,complaint_feedback,True,frustrated complaint benefits from human de-escalation
2857,uhhh i just got an amazon package and it smells like the delivery person was smoking in the van all day...,I'm really sorry to hear this! Who was the carrier for this shipment: https://t.co/q4LAMZ3tbE? ^BV,damage_defective,False,brand resolved inline (direct answer or probe)
4434,Used the mobile app.,Any return/replacement options will be available on the order details in Your Account: https://t.co/Y5jpI9gRhE ^EP,technical_issue,False,brand resolved inline (direct answer or probe)
2239,What a deal @115850 increased the price by Rs19 n giving lighting deal of Rs20. Effective price change of Re -1. https://t.co/gG2CSl5Q9o,Pricing and offers are decision of the sellers. The constantly changing marketplace and our efforts to offer you 1/2^HN,billing_payment,False,brand resolved inline (direct answer or probe)
6098,It says UPS. Can I get another sent out today if possible?,"Thanks for the info! Have you tried us by phone for real-time assistance? If not, please call us here: https://t.co/hApLpMlfHN ^FR",order_status,True,brand redirected to private channel / form / phone
1875,"#ThursdayNightFootball brought to me by @117795. Good times, wish the game would come back. #fail https://t.co/Y9syqf1owQ",Please restart the device your'e streaming on and give it another try in a few minutes. Let us know if it continues. ^CL,technical_issue,False,brand resolved inline (direct answer or probe)
4253,Ok,Appreciate your understanding. ^YP,general_acknowledgement,False,brand resolved inline (direct answer or probe)
2287,insect in pasta https://t.co/XC5NYXYCFK,That's unusual. Apologies for the trouble. Please share your details here: https://t.co/GIJyeYqKE0 and we'll reach out. ^KA,damage_defective,True,brand redirected to private channel / form / phone
473,Bought LG Q6 on 18 September with No Int. EMI. While checking out Use wallet was automatically checked and now the support wont make it EMI,We apologize for the mismatch. Allow our support team to investigate . You can report this here: https://t.co/R3EfhzgU8B ^CB.,billing_payment,False,brand resolved inline (direct answer or probe)
5645,"hi, I need to talk about a defective product I received but my no is blocked. So could u please give me a call ASAP??! https://t.co/VpvcPcBWpu",I understand your concern. Please report this to our support team using the email or chat option. We'll help. ^ST,damage_defective,False,brand resolved inline (direct answer or probe)
3367,My Amazon order still hasn't arrived yet... @115830,Sorry to hear this. Have we missed the delivery date advised? ^PK,order_status,False,brand resolved inline (direct answer or probe)
2666,"I don't know what the fuck Amazon Logistics think they're playing at, attempting delivery to a business address at 8:15pm.",I'm so sorry about this. Please reach out to us by phone so we can investigate this further with you: https://t.co/qy3J24VGxb ^GR,complaint_feedback,True,red-flag / angry language
6189,No use. Tried. Thr shd be place for real time feedbk for custs on trkng page. Why u blmg cust for ur failr to deliver. Strt puttn real updt,Sorry about this inconvenience. Please share your details here: https://t.co/GIJyeYqKE0 and I'll get in touch with you. ^MK,complaint_feedback,True,brand redirected to private channel / form / phone
5629,will it accept commands to work with @128308 ?,Request you to keep checking the Echo page for new devices that will support Alexa. ^GS,technical_issue,False,brand resolved inline (direct answer or probe)
3842,Any chance of you picking up the mi a1? I don't want to use the... Uhmmm..... Other guys....,You can use the following link for assistance with returning your order : https://t.co/3yqvLnyTxi. ^RS,product_inquiry,False,brand resolved inline (direct answer or probe)
4457,Anything with a web browser,Please let us look into this further by using this link: https://t.co/hApLpMlfHN ^DO,technical_issue,True,brand redirected to private channel / form / phone
5463,I find this argument meaningless. If u r not interested in resolving the issue just say so. Even aftr writing to ur customer care no action,"I get your concern. However, we'll not be able to check your information over Twitter. Request you to share your (1/2) ^GK",damage_defective,False,brand resolved inline (direct answer or probe)
4522,Who Is Selling #Carvaan Product With Wrong Image &amp; Brand Name “SARAGAMA” Instead Of “SAREGAMA” Only In @115850 @AmazonHelp https://t.co/aE1dXJ36vf,Thanks for flagging this. I'll forward this internally for review. ^PS,product_inquiry,False,brand resolved inline (direct answer or probe)
478,are u not ashamed of your self to promote ur great Indian festival by luring customers with fake prizes? Who's genius idea is this,This isn't what we expect you to feel. Kindly let us know how can we make things better for you. ^CB,complaint_feedback,True,frustrated complaint benefits from human de-escalation
3036,"jst got this delivered now,it's status also is not updated to delivered but the protective padding is damaged, request for refund. https://t.co/199Gk8xB80",We're sorry to see this. Please contact us here: https://t.co/vlvfJr4nN9 so we could get the issue resolved on priority.^RS,damage_defective,True,brand redirected to private channel / form / phone
5013,I hv ordered a dress to which it's saying is delivered but it's not in actual.look in to the matter plz,Sorry for the hassle. Please contact us here: https://t.co/vlvfJr4nN9 and we'll help you with this. ^SQ,order_status,True,brand redirected to private channel / form / phone
1024,Still I have not received my sales invoice very worst Service of Amazon as I have already told that I have to submit the Bill for the compln,Please bear with us and we'll get back on this shortly. ^HT,complaint_feedback,True,frustrated complaint benefits from human de-escalation
1618,a suggestion. It's difficult to browse this format https://t.co/We2P6Usvg7,You can always use the voice assistant to narrow down your search! Ready to experience new feature? ^SV,product_inquiry,False,brand resolved inline (direct answer or probe)
3107,Can you pls help me on this,Kindly get in touch with us here: https://t.co/wYeA1o7fcd and we’ll be glad to help you. ^AG,general_acknowledgement,True,brand redirected to private channel / form / phone
995,"what the fucking service. Didn't call to customer nd refunded products, order date-29sep2017,order id- 408-1407922-2237939",Sorry about that. Kindly get in touch with us here: https://t.co/DUexvWeCdE and we’ll be glad to help you. ^AG,complaint_feedback,True,brand redirected to private channel / form / phone
3290,Waiting in for an Amazon logistics delivery is boring :-(,I'm sorry for the wait! You may be interested in setting a safe place for your future deliveries: https://t.co/BqqTIPyVdL ^RA,order_status,False,brand resolved inline (direct answer or probe)
1877,so this is what I get when I pay for amazon prime? Thanks for the frozen stream on WiFi. 🤦🏽‍♂️🤦🏽‍♂️🤦🏽‍♂️ https://t.co/gBZvyh7EYY,We’re sorry to hear you’re experiencing video quality issues. Kindly connect with us (1/2)^SQ,complaint_feedback,True,frustrated complaint benefits from human de-escalation
5544,The same defective item order was resent to me as replacemnt.Is thr any Quality contrl at Amazon Order no.408-2904446-2943566,Please get in touch with our team using this link: https://t.co/rS49hgaADF and we'll look forward to assisting you. ^AK (1/2),damage_defective,True,brand redirected to private channel / form / phone
5910,How nu given mere feedback on ur website will resolve issue. The concern I have. Has been already mentioned. Can u help in that ?,We do not have access to your account over Twitter. Kindly request you to reach out to our support team for further help. ^OS,complaint_feedback,True,brand redirected to private channel / form / phone
1828,"I know this is a first-world problem, but Amazon really fucks me over a lot with their ""guaranteed"" same-day delivery offers.",I'm sorry for the poor experience! We'd like to help. Is this regarding a current order shown here: https://t.co/Y5jpI9gRhE? ^AG,complaint_feedback,True,frustrated complaint benefits from human de-escalation
117,@115821 : have shared order details at https://t.co/Soarz7SeHk,We've received your details. You should see a correspondence from us soon. ^YP,order_status,False,brand resolved inline (direct answer or probe)
3086,"No haven’t received any emails, that’s the second time you have asked me that",Please use the following link so we can look further into this with you: https://t.co/aPsjE2eHpc ^DO,complaint_feedback,True,frustrated complaint benefits from human de-escalation
6061,When will I be able to apply for a refund. The item isn't needed now if it won't be here on time.,I'm sorry! We don't have access to order information via Twitter. Please reach out to us here: https://t.co/JzP7hlA23B ^TK,return_refund,True,brand redirected to private channel / form / phone
3272,"""Out for Delivery"" which was posted at 7am this morning.",We don't have delivery time slots but it delivery can be up to 10PM.^CD,order_status,False,brand resolved inline (direct answer or probe)
5614,hello unable to see suits season 6 episode 11-16,Unfortunately these episodes are no longer available. We’re constantly adding new content to our library. We will (1/2) ^GK,technical_issue,False,brand resolved inline (direct answer or probe)
6010,it was amazonuk I ordered from,It's not uncommon for orders to ship near or on their delivery date. Let us know if you don't receive it by then. ^KP,order_status,False,brand resolved inline (direct answer or probe)
4108,Amazon,Hmm. Let's see what additional information we can provide: https://t.co/hApLpMlfHN ^JZ,general_acknowledgement,False,brand resolved inline (direct answer or probe)
3403,"Will I be getting this order# 405-0813433-8085927 picked up, so that I get the replacement initiated?! Pretty unsatisfied!!!",We'd like to have a look into this. Kindly report it here: https://t.co/2t6DQoUmNZ and our team will revert shortly 1/2 ^AB,return_refund,False,brand resolved inline (direct answer or probe)
1433,When @AmazonHelp says they’ll replace your lost parcel at no extra cost yet you still get a £1 charge from them... 🤔,"A £1.00 authorisation charge can happen at dispatch, even if it's no cost. The charge will fall off in a day or two. ^MJ",billing_payment,False,brand resolved inline (direct answer or probe)
3953,"Hi @AmazonHelp , my order id is 406-5211780-7866716, it is in hub from last 36 hours &amp; on hold, can u contact them and make it deliver ?",Usually the products are delivered by the estimated date of delivery. Could you tell me if we've missed on it? (1/2)^AU,order_status,False,brand resolved inline (direct answer or probe)
3129,Why can't i order my subscribe-and-save items before schedule? Have changed payment method as suggested. Still see this. https://t.co/lfFH64W0JA,Sorry for the trouble you've had. Kindly reach out to our support team here: https://t.co/2t6DQoUmNZ &amp; they'll help you with it.^MM,technical_issue,True,brand redirected to private channel / form / phone
1541,how can I stop things being sent to me by amazon logistics? Next day delivery means next evening delivery for me every time.,I'm sorry for the poor delivery experiences! Have you reported this to our Customer Support team: https://t.co/JzP7hlA23B? ^ME,complaint_feedback,True,frustrated complaint benefits from human de-escalation
2546,"hi my gf ordered me this game (new sold by amazon) and it arrived with no plastic covering, is that normal for this game? https://t.co/tWGK3amn8Q","Hi there! Normally new games do come wrapped. If you want a return, we can help you out here: https://t.co/mOUYw7mWBf ^JD",damage_defective,False,brand resolved inline (direct answer or probe)
4482,https://t.co/kenSTrXBUd,Thanks for the picture. We'd like to look into this. Please send us the order details here: https://t.co/UaptGrnp1n ^BH,general_acknowledgement,True,brand redirected to private channel / form / phone
1815,No there is no edit option.,I'd like to have a member from our support team lend you a hand; please contact us here: https://t.co/JzP7hlA23B ^WM,general_acknowledgement,True,brand redirected to private channel / form / phone
2243,"I received a very bad quality product, i want a refund and amazon guy is saying he cant help me.. Order no: 406-6200198-1381151",That's sad to hear about the quality you received from our website. Let me investigate this further. (1/2) ^VM,damage_defective,False,brand resolved inline (direct answer or probe)
2635,What is the procedure when @115850 delivery guy straight-up lies about attempting a delivery?,Allow our support team to investigate this. You can report this here: https://t.co/R3EfhzgU8B ^CB.,complaint_feedback,True,frustrated complaint benefits from human de-escalation
106,@115821 How do you create a wishlist? I've been trying to figure it out for a while.,We can help! Here's some helpful info on how to create a wishlist: https://t.co/5bpfIRYpwY I hope this helps! ^AD,product_inquiry,False,brand resolved inline (direct answer or probe)
3865,It is more than 6 months  and amount is not processed,Could you confirm reaching out to our support team using the link shared earlier? ^GK,return_refund,False,brand resolved inline (direct answer or probe)
3928,What do think people do at the first instance.   FYI : this is an escalation https://t.co/JbKTUSByQx,"here: https://t.co/beaaDm0muc, we'll get back to you soon. (2/2)^AP",complaint_feedback,True,frustrated complaint benefits from human de-escalation
1191,Dat wld b fine!,Do keep us posted for any further concerns. ^SG,general_acknowledgement,False,brand resolved inline (direct answer or probe)
302,Same issue,We'd like to take a look at this a bit closer with you. Please call or chat with us here: https://t.co/hApLpMlfHN ^MH,general_acknowledgement,False,brand resolved inline (direct answer or probe)
6257,you might want to talk to @115817 about #whatcanbrowndoforyou ... like leaving completely crumbled &amp; open boxes on doorsteps today 😡 https://t.co/Ol1yTUECMm,"Sorry for the poor experience, Robin. Will you let us know the condition of the item? We're here to help! ^AB",damage_defective,False,brand resolved inline (direct answer or probe)
3262,"you guys just keep asking, cant see any action or signs of it! all blindspot episodes","Sorry for the inconvenience. We've escalated the issue to our relevant team, this shall be resolved soon. ^SH",technical_issue,False,brand resolved inline (direct answer or probe)
5032,"Hi, I had a parcel delivered the other day, however its gone to the neighbour and I havent been told which one... Help please 😭","Oh no, we'd be happy to help! Reach us here chat or phone and we'll take a look together: https://t.co/JzP7hlA23B ^KN",order_status,True,brand redirected to private channel / form / phone
5540,Why is this a girl's step stool?,Thanks for letting us know. I've made sure to pass your feedback along to our website team. ^AF,product_inquiry,False,brand resolved inline (direct answer or probe)
2815,Why is it so difficult to find a customer support # @115821 it be easier for me to get in touch with the @140 for Christ sake! Like WTF!,We're here and happy to help! We can be contacted via phone here: https://t.co/hApLpMlfHN Keep us posted! ^ML,complaint_feedback,True,frustrated complaint benefits from human de-escalation
4660,Question.  Is my Firestick going bad?  I keep getting an overheating message even after only watching something 4 less than hr,"Hey, please contact us here for help:  https://t.co/hApLpMlfHN",technical_issue,True,brand redirected to private channel / form / phone
915,Y’all want me to sign in and then what,"Once signed in, you'll be able to track the package and a carrier will be listed under ""Shipment details."" ^GG",account_access,False,brand resolved inline (direct answer or probe)
1601,Okay 😮... But hey.. thanks for your ears 🙄,You're welcome. Do keep us posted for any further concerns. ^SG,general_acknowledgement,False,brand resolved inline (direct answer or probe)
556,My foot size is 10.5 UK/India - can u manage the product mentioned in the link? https://t.co/LBY3ZKkhjK,You may use the filters to narrow down the search for the product. The products are sold by different sellers. ^HA,damage_defective,False,brand resolved inline (direct answer or probe)
2680,It's not good enough!! I wanted it on its release date!! I don't see how it's been out for dispatch all day and then tonight it changes!,"Late parcels typically arrive the next day. For options, feel free to contact via phone/chat here: https://t.co/hApLpM3Ejd ^BH",complaint_feedback,True,frustrated complaint benefits from human de-escalation
3643,"The options pointed to were the ones on the web page... Look everywhere, and then wait.",We'd like to look into this with you some more. Please reach us for real time assistance here: https://t.co/hApLpMlfHN ^DW,complaint_feedback,True,brand redirected to private channel / form / phone
4666,Today. It was and then got an email saying it couldn’t be delievered today. No explanation as to why,"As we're unable to view your account via Twitter, pls contact here:https://t.co/JzP7hlA23B  so we can look further into this.^KM",order_status,False,brand resolved inline (direct answer or probe)
3192,i have been waiting for 3 days to get this order delivered. Every one is making fake promises order #403-7039774-2259522,"Please don't provide your order details, as we consider it to be personal information. Our Twitter page is public. (2/2)^AU",order_status,False,brand resolved inline (direct answer or probe)
1784,#JCPenny #Dickies #Amazon  Ordered clothes from all 3 same day about  4 weeks ago #Pennies 2 Days #Dickies 4 #Amazon still hasn't come yet,I'm so sorry about the delay! Have we missed the delivery date given here: https://t.co/Y5jpI9gRhE? ^AG,order_status,False,brand resolved inline (direct answer or probe)
811,also it states handed to resident when he clearly didn’t — also didn’t see post box screwed to wall or follow safe place info2/2,I'm so sorry for the poor experience! We'd like to look into our available options for you here: https://t.co/JzP7hlA23B ^AG,order_status,False,brand resolved inline (direct answer or probe)
555,cryptography and network security book by William Stalling may be. Checking for offer on that book from August😂 @AmazonHelp,That's an awesome choice. It looks like we're running a 13% discount on the book right now. ^AP,product_inquiry,False,brand resolved inline (direct answer or probe)
2421,That takes me to a 'placeholder' for content?,Please use this link to phone or chat in so we can look into this with you in real-time: https://t.co/qy3J24VGxb ^GL,technical_issue,True,brand redirected to private channel / form / phone
3764,"also, i copied and pasted the code directly from the email, so i'm not sure what's wrong",I certainly understand what you mean! We'd like to take a closer look. Please reach out to us here: https://t.co/hApLpMlfHN ^HC,technical_issue,True,brand redirected to private channel / form / phone
1741,Please help me. My #OCD gets triggered. I am allergic to duplicated punctuation marks. 😄 https://t.co/HxXN9vpTHL,"Hi, I will gladly forward your feedback.. 😂 ^SI",product_inquiry,False,brand resolved inline (direct answer or probe)
4792,Hey @115850 why it is showing that it will take 1 week more when it is in Allahabad which is not far from delivering address https://t.co/w1TCspcwxH,The packages are shipped to meet the estimates. Please wait until the estimated delivery date and it will be delivered. ^HN,order_status,False,brand resolved inline (direct answer or probe)
270,Uninstalled and reinstalled. Same problem. Better pull the app than to have one that doesn’t work @115821 @116618 @117014,"Sorry, please contact us here: https://t.co/hApLpMlfHN so this can be investigated further. ^JJ",technical_issue,True,brand redirected to private channel / form / phone
183,"Update: Amazon rep promised cancellation if order and £5. Order not cancelled, book dispatched. No credit on account.... https://t.co/VEDulJFtMP",Sorry for the miscommunication! I'd like to have my team look into this. Please send your info here: https://t.co/RG0FxYDc3i ^JM,return_refund,False,brand resolved inline (direct answer or probe)
806,"- had a problem with an order, emailed amazon and they fixed it and made me a VERY happy customer. Best company ever. Thank you!!",Thanks for sharing! Please let us know if you need any additional help in the near or far future! ❤️😍😁 ^KJ,general_acknowledgement,False,brand resolved inline (direct answer or probe)
5053,one of my prime deliveries says it's being held by carrier how do I get it delivered?,I'm sorry to hear it's being held! We can't see the order on Twitter so please reach us here: https://t.co/JzP7hlA23B ^DD,order_status,True,brand redirected to private channel / form / phone
4385,. They also failed to follow up with me when they said they would. Spent over an hour on the phone with the call center in Ghana?!?,I'd like a member of our team to take a look into this. Please provide your details here: https://t.co/Ob5fWnsECO ^AN,complaint_feedback,True,frustrated complaint benefits from human de-escalation
2836,I'm a prime member and I paid extra for next day shipping,I'm sorry you haven't received your package! Let's take a look into available options via phone or chat:https://t.co/hApLpMlfHN ^ML,order_status,True,brand redirected to private channel / form / phone
3438,These folks at @115850 are amazing! Delivered a package at 9 p.m. in pouring rain. Wasn't even urgent - just a sketching pencil. 👍 🙂,"Any package of yours is important to us, appreciate you taking time out to show your love for us. ^MS",general_acknowledgement,False,brand resolved inline (direct answer or probe)
3971,Thanks for this,You're welcome. :) ^HR,general_acknowledgement,False,brand resolved inline (direct answer or probe)
617,"I know about all of dem, i m talking about that cute little clock shaped echo spot.","While we haven't made any official announcement for Echo spot, please stay tuned to the website for updates. ^MS",product_inquiry,False,brand resolved inline (direct answer or probe)
4989,"It said it should have arrived by yesterday,  still no sign.",We'd like to take a closer look into the delivery. Please contact us here: https://t.co/JzP7hlA23B ^LI,order_status,True,brand redirected to private channel / form / phone
6195,"check up on your delivery people.Don’t send a notification stating attempted to deliver when there was no such attempt made,at7:40am",I'm sorry for the trouble with your delivery. Do you mind confirming the name of the carrier listed here: https://t.co/Y5jpI9gRhE ^RA,complaint_feedback,True,frustrated complaint benefits from human de-escalation
3681,Legit never buying anything on @115821 ever again 😭💔 what even is thiiiis https://t.co/3XLJdlYEFn,"I'm sorry it wasn't as expected. Was this shipped directly by Amazon, or a third-party seller: https://t.co/Y5jpI9gRhE? ^JR",complaint_feedback,True,frustrated complaint benefits from human de-escalation
1630,"I am not able to access https://t.co/6l9mH9cUI4. I keep getting the ""Sorry! Something went wrong!"" page with various dogs.","Oh no! I'm sorry about the troubles accessing the site, Al! Which browser you are using &amp; have you tried a different one yet? ^FR",technical_issue,False,brand resolved inline (direct answer or probe)
1810,what worse service by amazon send the wrong product ..and I raised requested for retuned the product but still no response,Sorry about the trouble you've had with the return. Please report this to our support team here:https://t.co/TdDksLo6Mf ^HD,damage_defective,False,brand resolved inline (direct answer or probe)
913,"hello, my order hasn't arrived at the estimated delivery date so i want to cancel it.",Sorry about the delay. Could you confirm if your order was placed on Amazon.in or https://t.co/nUUp5MLhYl? ^HD,order_status,False,brand resolved inline (direct answer or probe)
3432,who do I need to talk to about refunding Saturday shipping? I'm not paying 30 bucks extra if it won't be here till Monday,We'd be happy to look into your options with you here: https://t.co/EKXRLsnxJu ^AF,order_status,False,brand resolved inline (direct answer or probe)
1736,https://t.co/Ho61KRsrIm has lost site of what matters - the Customer.  Their own driver delivery service is completely unreliable. https://t.co/xoacCFbPzB,We'd like to take a further look at this for you. Please provide us with detailed info here: https://t.co/gc62mSrVtJ ^KP,complaint_feedback,True,frustrated complaint benefits from human de-escalation
6239,Bring Rick and Morty!,We will continue to add new content. Keep checking https://t.co/FYM9PIZOR8 where we (1/2) ^HD,product_inquiry,False,brand resolved inline (direct answer or probe)
6130,Finally could do it through SMS alert link. But it's actually quite cumbersome looking for it.,I'm glad you were able to change your number. Apologies.I’ll forward your experience as a feedback to appropriate team.^NK,technical_issue,False,brand resolved inline (direct answer or probe)
5632,"@115850 You are redirecting me to support, but unfortunately it doesn't help much. I'm getting boilerplate response saying, you'll need to wait for 48 hours. And now after 48 hours, I'm told to wait till EoD again :(",Apologies for the unpleasant experience. Kindly share your details here: https://t.co/GIJyeYqKE0 and I'll contact you. ^GS,complaint_feedback,True,brand redirected to private channel / form / phone
4655,Cheque destroyed. https://t.co/WUeJpKKqsI,Thanks for keeping us posted. ^HK,general_acknowledgement,False,brand resolved inline (direct answer or probe)
2950,"or @115821 I ordered a gray twitch hoodie on Monday with prime free 1 day shipping, it's Friday and I still haven't got it D:",I'm sorry for the wait! Can you tell us the carrier and what the most up to date tracking says: https://t.co/Y5jpI9gRhE? ^DW,order_status,False,brand resolved inline (direct answer or probe)
3648,so @115821 i did the @133324 Love Yourself: Her preorder on 8/28 &amp; THIS is what showed up? PLEASE EXPLAIN???? the tracking # is THE SAME??? https://t.co/iF5II1HWWm,I'm sorry for the bad experience. You can see your options for return here: https://t.co/lB3rblHp5n ^JF,damage_defective,False,brand resolved inline (direct answer or probe)
1814,"Just did it there , thanks",Thanks Ciaran! ^AT,general_acknowledgement,False,brand resolved inline (direct answer or probe)
3783,"While selecting multiple brands u need 2 check one chexkbox, wait for the list to modify and then check next chexkbox and so on. Its painful",Sorry for the trouble. I'll share this as a feedback to the concerned team internally to work on improvements. ^KA,technical_issue,False,brand resolved inline (direct answer or probe)
1542,No there isn’t,"We'd like to look into this further. Please reach out here: https://t.co/JzP7hlA23B Keep us updated, we want to help! ^ HM",general_acknowledgement,True,brand redirected to private channel / form / phone
1714,Wow some bitch really stole my amazon package w/ a damn cat water bowl in it.,"I'm sorry to hear this! When you have a moment, please reach out to us via phone or chat here: https://t.co/EKXRLsF8B2 ^AC",damage_defective,True,red-flag / angry language
5907,your words speak your actions,Kindly click on the link shared here: https://t.co/VNUITkunAc and select (1/2)^HR,general_acknowledgement,False,brand resolved inline (direct answer or probe)
612,"Here you go, clicked the link from the uk homepage. https://t.co/dpgBrOhO3Z",Hm! We'd like to take a look at this with you. Please call or chat with us here: https://t.co/JzP7hlA23B ^MH,technical_issue,False,brand resolved inline (direct answer or probe)
23,If I participate in one contest &amp; then on 2nd day again I participate in 2nd contest then can I eligible for win in both contests or not ??,"Yes, you will be eligible for both the contests. ^RW",product_inquiry,False,brand resolved inline (direct answer or probe)
42,Do you guys have walk in for Kent Washington?,Search and learn more about any career opportunities you're interested in here: https://t.co/BjZqy1hIH4 ^SK,product_inquiry,False,brand resolved inline (direct answer or probe)
228,Terrible. You suggest me to use cheaper service costing me 900. Wish @146911 launches soon,Kindly reply to the correspondence sent to you by us and we'll help you with your issue further. ^ZH,complaint_feedback,True,frustrated complaint benefits from human de-escalation
2456,Ordered my daughter’s formula (only available online) through prime&amp;it won’t be here for a week? We’re going to run out so thx 😩,"I'm sorry for the extended delivery window, Annie! Please phone us here: https://t.co/hApLpMlfHN and we'll at options. ^LB",order_status,False,brand resolved inline (direct answer or probe)
2409,: There is no use of using lighting deal. No one should feel happy that they got deal because there is no lighting deal all fake.,Pricing and offers are decision of the sellers. The constantly changing marketplace (1/2) ^CB,complaint_feedback,True,frustrated complaint benefits from human de-escalation
6364,https://t.co/vMvkzVrhhq - specifically the mobile app.,"Thank you for the info. We'd like to look into this with you. When you can, reach out to us here: https://t.co/CYqkdUakWJ ^GM",technical_issue,True,brand redirected to private channel / form / phone
3229,I ordered 16GB SanDisk pen drive from #AmazonIndia I got,This is very disappointing to hear. Please use the link https://t.co/4o5PqP90vH to return the product.  ^SB,damage_defective,False,brand resolved inline (direct answer or probe)
6218,ASSOLUTAMENTEEEE,Continua così✌️ Buona visione 😎 ^CM,general_acknowledgement,False,brand resolved inline (direct answer or probe)
3205,Done,Thank you for confirming. We'll reach out to you soon. ^AS,general_acknowledgement,True,brand redirected to private channel / form / phone
4766,and u guys have lost the product and now unable to find its whereabout. get urslef corrected and updated and dont give false explanations.,We've sent you a correspondence. Suggest you to wait till the timeline shared by our team. ^SG,complaint_feedback,True,frustrated complaint benefits from human de-escalation
2594,Where's my order?!!!!!,Allow our support team to look into this. You can connect with us here: https://t.co/R3EfhzgU8B ^CB.,order_status,False,brand resolved inline (direct answer or probe)
3488,I’M HOME. WHY AM I GETTING THIS AGAIN?! #unacceptable #cancelprime #useless https://t.co/4xmsvQ2iIA,Oh no! That's not good! Who's the carrier listed for your order here: https://t.co/Y5jpI9gRhE? ^KP,complaint_feedback,True,frustrated complaint benefits from human de-escalation
2172,where is my pt,Could you please let us know if we've missed the estimated date of delivery?,order_status,False,brand resolved inline (direct answer or probe)
1128,Spot the difference for being not happy https://t.co/wRq2ZHJDGm,I get your disappointment. The prices of the products are decided by the sellers. The constantly changing marketplace 1/2 ^NK,complaint_feedback,True,frustrated complaint benefits from human de-escalation
3924,No. Just seems wasteful in fuel as my parcels travel 180 miles visiting Edinburgh and Dundee. Amazon Gourock to Stirling is only 60 miles!,"I understand, please keep us posted on the delivery, it should still be delivered on time. ^JJ",complaint_feedback,True,frustrated complaint benefits from human de-escalation
3351,The version available on the app store is not the latest version.  Ebay themselves have said this is a problem with Amazon https://t.co/4UnkgdEnPz,We'd like to look into this further with you. Please reach out to us by phone or chat here: https://t.co/EKXRLsnxJu ^GR,technical_issue,True,brand redirected to private channel / form / phone
5567,u have order id and case notes.. now take action and dont complicate it,We'll not be able to access your account via Twitter. Kindly fill in the details using the link provided earlier. ^AP,complaint_feedback,True,frustrated complaint benefits from human de-escalation
842,Hey @115821. If I order multiple things on prime and one of the items isn't prime eligible... just add it. Don't make me wait a week for it,I'm sorry for any inconvenience. Prime eligible items are either sold or fulfilled by us. Info here: https://t.co/dVHMlOpQKq ^GL,order_status,False,brand resolved inline (direct answer or probe)
109,"Thanks for your response but try to wide a service for another country as well. such as UAE, KSA, Bahrain etc.",I get your concern about geo restrictions. I'll share your comments with internal teams for review. ^SV,product_inquiry,False,brand resolved inline (direct answer or probe)
5340,this is the second time I’ve gotten expired coffee. https://t.co/FBvg3MLIfZ,I am so sorry for this issue with your coffee. Please let us look into this with you here:  https://t.co/hApLpM3Ejd ^DO,damage_defective,True,brand redirected to private channel / form / phone
815,It would be much appreciated if I got my battlefront 2 beta as I was supposed to get it today for pre ordering earlier this year,I'm sorry for the wait. We'd like to look at this with you. Please call us here: https://t.co/hApLpMlfHN ^MH,product_inquiry,True,brand redirected to private channel / form / phone
1223,Dear @115850,We apologize for the hassle. Allow our support team to investigate. You can report this here: https://t.co/R3EfhzgU8B ^CB.,general_acknowledgement,False,brand resolved inline (direct answer or probe)
4205,"@200626 If you guys need feedback to know that’s excessive, I’d suggest your packing manager is stealing a living 😂😂😂",Thanks for the feedback Adie. ^KM,product_inquiry,False,brand resolved inline (direct answer or probe)
1743,That email stating you couldn't deliver has only just arrived... no parcel still ☹,Reach us via phone/chat so we can take feedback about your experience: https://t.co/JzP7hlA23B Keep us posted on this! ^KN,order_status,True,brand redirected to private channel / form / phone
6314,don't know what's the matter with @115821 @AmazonHelp but one of my packages was lost and another came in and it was empty. 🙁,That's not what we like to hear. Please contact us here so we can explore your options: https://t.co/EKXRLsnxJu ^GG,damage_defective,True,brand redirected to private channel / form / phone
1098,"@132995 Hey @115850, this can't be a real @132994. I reported this seller but didn't hear back. https://t.co/bTFczwFi1o",Apologies Jaseem. We'd like more details. Please connect with us here:https://t.co/vlvfJr4nN9. We'll investigate right away. ^HK,product_inquiry,False,brand resolved inline (direct answer or probe)
1687,@AmazonHelp @116316 Thank you! Already did. Hope to get in touch soon! Is there a way to chat to someone?,The relevant department doesn't offer chat support. E-Mails are usually answered within 12 hours. Regards ^MI,general_acknowledgement,False,brand resolved inline (direct answer or probe)
731,@115821 my Order No: 407-4060954-7413120 has been delayed and there is no assurance of delivery still please help.,"Sorry to know that, Ankit. We'd like a closer look, please drop in your details here: https://t.co/GIJyeYqKE0 ^MS",order_status,True,brand redirected to private channel / form / phone
1632,"i despondent whn ur srvce can't reach at manipur, whch is also integral part of india,pls do needfl🙏","Sorry about the disappointment. We are working on expanding our services. Also, I'll share your comments as a feedback. ^NR",complaint_feedback,True,frustrated complaint benefits from human de-escalation
4079,1/2 @115821 @4088 @145869 when I added this product to my cart it was deliverable to 284128 but as I proceed for checkout https://t.co/bsgHuBqLiH,Allow our support team to look into this. You can connect with us here: https://t.co/R3EfhzgU8B ^CB.,technical_issue,False,brand resolved inline (direct answer or probe)
1222,"Worst exp..nt able to place ordr aftr multiple try, acc got locked automatically..no support fr unlocking acc frm cust servic desk",I'm sorry for that. Please contact us here: https://t.co/QS2bTd0snB and we'll be glad to help you. ^SI,account_access,True,brand redirected to private channel / form / phone
496,"It looks like its now been remarked as out for delivery, so I’m hoping its okay now","Ok, I hope it arrives soon. ^KM",order_status,False,brand resolved inline (direct answer or probe)
5973,why can't Amazon logistics deliver Amazon packages to my house? 3 lost orders in a row. So frustrating. ~$500 of product,I'm sorry you're not receiving your orders. Please click the link and fill out the form. https://t.co/bs2hjmXkkZ ^EM,complaint_feedback,True,frustrated complaint benefits from human de-escalation
2386,WILL NOT BE BUYING FROM @AmazonHelp @115830 AND I HIGHLY RECOMMEND YOU GUYS CANCEL WITH THEM TOO. THEY GIVE NO FUCKS IF YOU'VE LOST MONEY😤,"Hi, very sorry to hear. Have you been in touch regarding this? If so, what was advised? ^TP",complaint_feedback,True,frustrated complaint benefits from human de-escalation
2123,I bought a stand mixer/food processor from @116316 warehouse &amp; one of the blades is bloody :)))))))))))) happy friday,We would like to have a look into your order. Please provide your details: https://t.co/cf8xqzj2UV Kind regards ^TR,damage_defective,False,brand resolved inline (direct answer or probe)
4504,Every single review I ever wrote was deleted.,"I understand the frustration. Just to confirm, did your review follow the guidelines here: https://t.co/EIEd4r4wss? ^BH",product_inquiry,False,brand resolved inline (direct answer or probe)
6149,can you please give me an email to contact to resolve this? I can't do any troubleshooting without being logged in but can't login.,I'm sorry for the account issues! Use this link to reach out directly so we can assist: https://t.co/66ZSQiStpn ^GL,account_access,True,brand redirected to private channel / form / phone
173,The issue was raised on Sept 26th and your team is still working and the issue is till UNRESOLVED,Sorry about the stretch. Kindly revert to the correspondence and we'll reach out to you with an update. ^SA,complaint_feedback,True,brand redirected to private channel / form / phone
5335,"i asked for your online service the book ""hunger games"",received un very poor conditions,the product without its pastes.",I'm so sorry! Was the book shipped and sold by Amazon or was it from a Third-Party seller? ^DO,damage_defective,False,brand resolved inline (direct answer or probe)
214,Does it control Z-Wave products? Basically will it replace my wink hub?,You can check it out here: https://t.co/uw3cCuPl6u. ^MC,product_inquiry,False,brand resolved inline (direct answer or probe)
2357,hardly any product available at my location @115850   cannot my dukaan,Sorry for the disappointment. Some items may be undeliverable due to certain reasons as mentioned (1/2) ^KA,product_inquiry,False,brand resolved inline (direct answer or probe)
5405,"the #echo being sold @ 30% inaugural discount, are they first generation or second generation.",The Amazon Echo launched in India is the second generation. ^VM,product_inquiry,False,brand resolved inline (direct answer or probe)
3398,Can you guys not include spoilers in the x-ray trivia on movies and tv shows?,We are happy to take your feedback here: https://t.co/diOZHzYBxD ^AF,product_inquiry,False,brand resolved inline (direct answer or probe)
5684,"have to say, your customer service is absolutely fantastic!had 2 issues recently &amp; both have been dealt with v swiftly! Thanks!",Hey Joanna- Thanks very much for the feedback. Delighted we could help. :) :) ^NV,general_acknowledgement,False,brand resolved inline (direct answer or probe)
1369,ICICI Gave me a @115850  gift card RS(100) which is Invalid . is It not a Joke.,We would advise you to contact the vendor of the Gift Card. Do keep us posted with the outcome. ^CB,complaint_feedback,True,frustrated complaint benefits from human de-escalation
9,test desc'ssssssss,"Hi Sergio, how can we help you ? ^SA",general_acknowledgement,False,brand resolved inline (direct answer or probe)
1767,I'm getting on tracking. What time do you deliver to? I thought it was 9?! https://t.co/28WzV4yNvf,"I'm sorry for any concern! We do deliver until 21:00, but we'd like to look into this with you here: https://t.co/JzP7hlA23B ^WT",order_status,False,brand resolved inline (direct answer or probe)
1440,"Yes, when I first got her 2 years ago. Lately her accuracy is diminished.",Please reach out to us via phone/chat here: https://t.co/hApLpMlfHN so we can further look into this with you. ^AJ,technical_issue,True,brand redirected to private channel / form / phone
6076,About surprise?,Surprises are eternal. We ensure that our customers are delighted with every order. ^RW,general_acknowledgement,False,brand resolved inline (direct answer or probe)
55,Password is incorrect,I'm sorry you were charged unexpectedly. Please call or e-mail us here for further assistance: https://t.co/jzvkhdlrK5 ^MV,account_access,False,brand resolved inline (direct answer or probe)
1491,The thing is... I can’t login to my account anymore,No worries! You can skip the sign in process and just provide us with more information here: https://t.co/jzvkhdlrK5. ^SD,account_access,False,brand resolved inline (direct answer or probe)
2213,I can't log in my account is locked,"Please use the ""Skip sign-in"" option. If you don't see it, please try our link using a device with a full web browser. ^KJ",account_access,False,brand resolved inline (direct answer or probe)
2226,Hi. Is the app down ? Unable to login since morning.,Do keep us posted if the issue persists. (2/2)^AP,account_access,False,brand resolved inline (direct answer or probe)
2897,@115821  I can not login with my Amazon Flex account. Could you help me please,"To start, please try updating the password by following the steps under Account Management here: https://t.co/AR960EKV2v ^BH",account_access,False,brand resolved inline (direct answer or probe)
2915,Help @115821 @115850 my account has been hacked. Someone changed my email address and now I cannot login.,That's an upset indeed. Did you report this to our customer service team here: https://t.co/vlvfJr4nN9 ?^SI,account_access,False,brand resolved inline (direct answer or probe)
2934,Help @AmazonHelp someone changed my email and password for my account. I can’t login now. https://t.co/EqOSaqluIC,Please reach out to our assistance team here: https://t.co/XGxDQifG5Z for further support.,account_access,True,brand redirected to private channel / form / phone
2142,I am not able to login,Kindly connect with us via https://t.co/QS2bTd0snB ^SG,account_access,False,brand resolved inline (direct answer or probe)
1750,"hi Amazon, I have just had an e mail to say I have changed my e mail address (I haven't)now I can't log in and change my details","Hi there, Nathan! I'm sorry to hear this! Please reach out here: https://t.co/zYVX1Qi29G, so we can look into this. ^WJ",account_access,True,brand redirected to private channel / form / phone
453,Trying to set up for the 1st time but the app says my Amazon password is incorrect. no. it's not. any ideas?,Hey Dave. Please reach out - https://t.co/JzP7hlA23B a member of our digital team will be happy to assist. Keep us posted. ^TP,account_access,True,brand redirected to private channel / form / phone
56,"And now, @AmazonHelp you've recharged me for the gift that never came. Ridiculous customer service.",Oh no! We're not able to access account info via Twitter. Please reach us via phone or chat here:https://t.co/JzP7hlA23B ^AL,billing_payment,True,brand redirected to private channel / form / phone
825,why are you guys taking so long to charge my card?,Great question! You won't be charged for your order until it ships. ^AC,billing_payment,False,brand resolved inline (direct answer or probe)
919,"Stop charging my card, I don’t have a membership.",I'm sorry for the unexpected charge. You can view and cancel your Prime membership here: https://t.co/uVEjRFJ09K ^AG,billing_payment,False,brand resolved inline (direct answer or probe)
1535,Aha! I think a fee came out by surprise and left 2 little for order. I changed payment method. Will the order just retry automagically?,"If your order is still pending, we will try the payment again. You will be updated with any changes. ^HC",billing_payment,False,brand resolved inline (direct answer or probe)
3187,I ordered something with express delivery and it didn't come because it told me to revise payment methods.,"Hi Michael, please contact us here for help:  https://t.co/JzP7hlA23B ^AT",billing_payment,True,brand redirected to private channel / form / phone
3822,got a message that my order was shipped yesterday. This morning I get a refund of the purchase amount on my card. Confused!!,Sorry for the confusion. Please contact us here: https://t.co/vlvfJr4nN9 and we'll be glad to help you. ^SI,billing_payment,True,brand redirected to private channel / form / phone
5,ORDER# 408-8885059-0678753 Product was not delivered to me but marked as delivered on the website. Amazon isn't refunding my money @12182,I understand the gravity of the situation. I am sure by the end of this session we will be able to resolve the issue. (1/2),return_refund,False,brand resolved inline (direct answer or probe)
52,@115850 @AmazonHelp @115851 The same copy-paste of info isnt helping me! You've NOT refunded my money. Why r you not providing 16 digit URN number as mandated by RBI?,I'm sorry but the resolution provided to you via email is the best and we'll not be able to provide any further insights. ^AM,return_refund,False,brand resolved inline (direct answer or probe)
132,#chorAmazon ORDER # 402-4432500-6199512 Refunded by myself by DTDC. but your employee refused to accept. Shame on you. #chorAmazon.,We've responded to you here : https://t.co/VqVCy3uNdt. Please check. ^AS,return_refund,False,brand resolved inline (direct answer or probe)
88,How long amazon takes to provide refund? I'm waiting for last 15days. Hereafter I insist everyone to never purchase on amazon.,Sorry to know about the delay. Please reach us from here: https://t.co/rS49hgaADF we'll assist you. ^SV,return_refund,True,brand redirected to private channel / form / phone
